--nearby
INSERT INTO `housing`.`nearby` (`id`, `lot_id`, `house_id`) VALUES ('1', '1', '1');
INSERT INTO `housing`.`nearby` (`id`, `lot_id`, `house_id`) VALUES ('2', '2', '2');
INSERT INTO `housing`.`nearby` (`id`, `lot_id`, `house_id`) VALUES ('3', '3', '3');
INSERT INTO `housing`.`nearby` (`id`, `lot_id`, `house_id`) VALUES ('4', '4', '3');
INSERT INTO `housing`.`nearby` (`id`, `lot_id`, `house_id`) VALUES ('5', '3', '4');
INSERT INTO `housing`.`nearby` (`id`, `lot_id`, `house_id`) VALUES ('6', '4', '4');
INSERT INTO `housing`.`nearby` (`id`, `lot_id`, `house_id`) VALUES ('7', '5', '5');
INSERT INTO `housing`.`nearby` (`id`, `lot_id`, `house_id`) VALUES ('8', '5', '6');


--parking_spot_price

INSERT INTO `housing`.`parking_spot_price` (`id`, `parking_spot_classification`, `price`) VALUES ('1', 'Handicapped', '25');
INSERT INTO `housing`.`parking_spot_price` (`id`, `parking_spot_classification`, `price`) VALUES ('2', 'Bike', '30');
INSERT INTO `housing`.`parking_spot_price` (`id`, `parking_spot_classification`, `price`) VALUES ('3', 'Small Car', '35');
INSERT INTO `housing`.`parking_spot_price` (`id`, `parking_spot_classification`, `price`) VALUES ('4', 'Large Car', '40');


--parking_spot
INSERT INTO `housing`.`parking_spot` (`id`, `lot_id`, `classification`) VALUES ('1', '1', 'Handicapped');
INSERT INTO `housing`.`parking_spot` (`id`, `lot_id`, `classification`) VALUES ('2', '1', 'Bike');
INSERT INTO `housing`.`parking_spot` (`id`, `lot_id`, `classification`) VALUES ('3', '1', 'Small Car');
INSERT INTO `housing`.`parking_spot` (`id`, `lot_id`, `classification`) VALUES ('4', '1', 'Large Car');
INSERT INTO `housing`.`parking_spot` (`id`, `lot_id`, `classification`) VALUES ('5', '2', 'Handicapped');
INSERT INTO `housing`.`parking_spot` (`id`, `lot_id`, `classification`) VALUES ('6', '2', 'Bike');
INSERT INTO `housing`.`parking_spot` (`id`, `lot_id`, `classification`) VALUES ('7', '2', 'Small Car');
INSERT INTO `housing`.`parking_spot` (`id`, `lot_id`, `classification`) VALUES ('8', '2', 'Small Car');
INSERT INTO `housing`.`parking_spot` (`id`, `lot_id`, `classification`) VALUES ('9', '2', 'Small Car');
INSERT INTO `housing`.`parking_spot` (`id`, `lot_id`, `classification`) VALUES ('10', '2', 'Large Car');
INSERT INTO `housing`.`parking_spot` (`id`, `lot_id`, `classification`) VALUES ('11', '3', 'Handicapped');
INSERT INTO `housing`.`parking_spot` (`id`, `lot_id`, `classification`) VALUES ('12', '3', 'Bike');
INSERT INTO `housing`.`parking_spot` (`id`, `lot_id`, `classification`) VALUES ('13', '3', 'Small Car');
INSERT INTO `housing`.`parking_spot` (`id`, `lot_id`, `classification`) VALUES ('14', '3', 'Small Car');
INSERT INTO `housing`.`parking_spot` (`id`, `lot_id`, `classification`) VALUES ('15', '3', 'Large Car');
INSERT INTO `housing`.`parking_spot` (`id`, `lot_id`, `classification`) VALUES ('16', '3', 'Large Car');
INSERT INTO `housing`.`parking_spot` (`id`, `lot_id`, `classification`) VALUES ('17', '4', 'Handicapped');
INSERT INTO `housing`.`parking_spot` (`id`, `lot_id`, `classification`) VALUES ('18', '4', 'Bike');
INSERT INTO `housing`.`parking_spot` (`id`, `lot_id`, `classification`) VALUES ('19', '4', 'Small Car');
INSERT INTO `housing`.`parking_spot` (`id`, `lot_id`, `classification`) VALUES ('20', '4', 'Large Car');
INSERT INTO `housing`.`parking_spot` (`id`, `lot_id`, `classification`) VALUES ('21', '5', 'Handicapped');
INSERT INTO `housing`.`parking_spot` (`id`, `lot_id`, `classification`) VALUES ('22', '5', 'Handicapped');
INSERT INTO `housing`.`parking_spot` (`id`, `lot_id`, `classification`) VALUES ('23', '5', 'Bike');
INSERT INTO `housing`.`parking_spot` (`id`, `lot_id`, `classification`) VALUES ('24', '5', 'Bike');
INSERT INTO `housing`.`parking_spot` (`id`, `lot_id`, `classification`) VALUES ('25', '5', 'Small Car');
INSERT INTO `housing`.`parking_spot` (`id`, `lot_id`, `classification`) VALUES ('26', '5', 'Small Car');
INSERT INTO `housing`.`parking_spot` (`id`, `lot_id`, `classification`) VALUES ('27', '5', 'Large Car');
INSERT INTO `housing`.`parking_spot` (`id`, `lot_id`, `classification`) VALUES ('28', '5', 'Large Car');
INSERT INTO `housing`.`parking_spot` (`id`, `lot_id`, `classification`) VALUES ('29', '6', 'Handicapped');
INSERT INTO `housing`.`parking_spot` (`id`, `lot_id`, `classification`) VALUES ('30', '6', 'Handicapped');
INSERT INTO `housing`.`parking_spot` (`id`, `lot_id`, `classification`) VALUES ('31', '6', 'Bike');
INSERT INTO `housing`.`parking_spot` (`id`, `lot_id`, `classification`) VALUES ('32', '6', 'Bike');
INSERT INTO `housing`.`parking_spot` (`id`, `lot_id`, `classification`) VALUES ('33', '6', 'Small Car');
INSERT INTO `housing`.`parking_spot` (`id`, `lot_id`, `classification`) VALUES ('34', '6', 'Small Car');
INSERT INTO `housing`.`parking_spot` (`id`, `lot_id`, `classification`) VALUES ('35', '6', 'Small Car');
INSERT INTO `housing`.`parking_spot` (`id`, `lot_id`, `classification`) VALUES ('36', '6', 'Small Car');
INSERT INTO `housing`.`parking_spot` (`id`, `lot_id`, `classification`) VALUES ('37', '6', 'Small Car');
INSERT INTO `housing`.`parking_spot` (`id`, `lot_id`, `classification`) VALUES ('38', '6', 'Large Car');
INSERT INTO `housing`.`parking_spot` (`id`, `lot_id`, `classification`) VALUES ('39', '6', 'Large Car');
INSERT INTO `housing`.`parking_spot` (`id`, `lot_id`, `classification`) VALUES ('40', '6', 'Large Car');
INSERT INTO `housing`.`parking_spot` (`id`, `lot_id`, `classification`) VALUES ('41', '7', 'Handicapped');
INSERT INTO `housing`.`parking_spot` (`id`, `lot_id`, `classification`) VALUES ('42', '7', 'Handicapped');
INSERT INTO `housing`.`parking_spot` (`id`, `lot_id`, `classification`) VALUES ('43', '7', 'Bike');
INSERT INTO `housing`.`parking_spot` (`id`, `lot_id`, `classification`) VALUES ('44', '7', 'Bike');
INSERT INTO `housing`.`parking_spot` (`id`, `lot_id`, `classification`) VALUES ('45', '7', 'Small Car');
INSERT INTO `housing`.`parking_spot` (`id`, `lot_id`, `classification`) VALUES ('46', '7', 'Small Car');
INSERT INTO `housing`.`parking_spot` (`id`, `lot_id`, `classification`) VALUES ('47', '7', 'Small Car');
INSERT INTO `housing`.`parking_spot` (`id`, `lot_id`, `classification`) VALUES ('48', '7', 'Small Car');
INSERT INTO `housing`.`parking_spot` (`id`, `lot_id`, `classification`) VALUES ('49', '7', 'Small Car');
INSERT INTO `housing`.`parking_spot` (`id`, `lot_id`, `classification`) VALUES ('50', '7', 'Large Car');
INSERT INTO `housing`.`parking_spot` (`id`, `lot_id`, `classification`) VALUES ('51', '7', 'Large Car');
INSERT INTO `housing`.`parking_spot` (`id`, `lot_id`) VALUES ('52', '7');


--parking_lot
INSERT INTO `housing`.`parking_lot` (`id`, `type`) VALUES ('1', 'Dedicated');
INSERT INTO `housing`.`parking_lot` (`id`, `type`) VALUES ('2', 'Dedicated');
INSERT INTO `housing`.`parking_lot` (`id`, `type`) VALUES ('3', 'Dedicated');
INSERT INTO `housing`.`parking_lot` (`id`, `type`) VALUES ('4', 'Dedicated');
INSERT INTO `housing`.`parking_lot` (`id`, `type`) VALUES ('5', 'Dedicated');
INSERT INTO `housing`.`parking_lot` (`id`, `type`) VALUES ('6', 'Dedicated');
INSERT INTO `housing`.`parking_lot` (`id`, `type`) VALUES ('7', 'General');



--room

INSERT INTO `housing`.`room` (`room_number`, `month_rate`, `house_id`, `place_number`) VALUES ('5', '400', '1', '1');
INSERT INTO `housing`.`room` (`room_number`, `month_rate`, `house_id`, `place_number`) VALUES ('5', '400', '1', '2');
INSERT INTO `housing`.`room` (`room_number`, `month_rate`, `house_id`, `place_number`) VALUES ('5', '400', '1', '3');
INSERT INTO `housing`.`room` (`room_number`, `month_rate`, `house_id`, `place_number`) VALUES ('5', '400', '1', '4');
INSERT INTO `housing`.`room` (`room_number`, `month_rate`, `house_id`, `place_number`) VALUES ('5', '400', '1', '5');
INSERT INTO `housing`.`room` (`room_number`, `month_rate`, `house_id`, `place_number`) VALUES ('3', '450', '2', '6');
INSERT INTO `housing`.`room` (`room_number`, `month_rate`, `house_id`, `place_number`) VALUES ('3', '450', '2', '7');
INSERT INTO `housing`.`room` (`room_number`, `month_rate`, `house_id`, `place_number`) VALUES ('3', '450', '2', '8');
INSERT INTO `housing`.`room` (`room_number`, `month_rate`, `house_id`, `place_number`) VALUES ('3', '350', '3', '1');
INSERT INTO `housing`.`room` (`room_number`, `month_rate`, `house_id`, `place_number`) VALUES ('3', '350', '3', '2');
INSERT INTO `housing`.`room` (`room_number`, `month_rate`, `house_id`, `place_number`) VALUES ('3', '350', '3', '3');
INSERT INTO `housing`.`room` (`room_number`, `month_rate`, `house_id`, `place_number`) VALUES ('4', '350', '4', '4');
INSERT INTO `housing`.`room` (`room_number`, `month_rate`, `house_id`, `place_number`) VALUES ('4', '350', '4', '5');
INSERT INTO `housing`.`room` (`room_number`, `month_rate`, `house_id`, `place_number`) VALUES ('4', '350', '4', '6');
INSERT INTO `housing`.`room` (`room_number`, `month_rate`, `house_id`, `place_number`) VALUES ('4', '350', '4', '7');
INSERT INTO `housing`.`room` (`room_number`, `month_rate`, `house_id`, `place_number`) VALUES ('3', '375', '5', '8');
INSERT INTO `housing`.`room` (`room_number`, `month_rate`, `house_id`, `place_number`) VALUES ('3', '375', '5', '9');
INSERT INTO `housing`.`room` (`room_number`, `month_rate`, `house_id`, `place_number`) VALUES ('3', '375', '5', '10');
INSERT INTO `housing`.`room` (`room_number`, `month_rate`, `house_id`, `place_number`) VALUES ('4', '375', '6', '11');
INSERT INTO `housing`.`room` (`room_number`, `month_rate`, `house_id`, `place_number`) VALUES ('4', '375', '6', '12');
INSERT INTO `housing`.`room` (`room_number`, `month_rate`, `house_id`, `place_number`) VALUES ('4', '375', '6', '13');
INSERT INTO `housing`.`room` (`room_number`, `month_rate`, `house_id`, `place_number`) VALUES ('4', '375', '6', '14');



--lease
INSERT INTO `housing`.`lease` (`student_id`, `room_id`, `enter_date`, `leave_date`, `payment`) VALUES ('100540001', '001', '2014-01-01', '2014-07-31', 'Semester');
INSERT INTO `housing`.`lease` (`student_id`, `room_id`, `enter_date`, `leave_date`, `payment`) VALUES ('100540002', '001', '2014-01-01', '2014-07-31', 'Semester');
INSERT INTO `housing`.`lease` (`student_id`, `room_id`, `enter_date`, `leave_date`, `payment`) VALUES ('100540003', '002', '2014-01-01', '2014-05-31', 'Monthly');
INSERT INTO `housing`.`lease` (`student_id`, `room_id`, `enter_date`, `leave_date`, `payment`) VALUES ('100540004', '003', '2014-01-01', '2014-07-31', 'Monthly');
INSERT INTO `housing`.`lease` (`student_id`, `room_id`, `enter_date`, `leave_date`, `payment`) VALUES ('100540005', '008', '2014-01-01', '2014-05-31', 'Monthly');
INSERT INTO `housing`.`lease` (`student_id`, `room_id`, `enter_date`, `leave_date`, `payment`) VALUES ('100540006', '009', '2014-01-01', '2014-07-31', 'Semester');
INSERT INTO `housing`.`lease` (`student_id`, `room_id`, `enter_date`, `leave_date`, `payment`) VALUES ('100540007', '006', '2014-01-01', '2014-07-31', 'Semester');
INSERT INTO `housing`.`lease` (`student_id`, `room_id`, `enter_date`, `leave_date`, `payment`) VALUES ('200540001', '004', '2014-05-01', '2014-04-30', 'Monthly');
INSERT INTO `housing`.`lease` (`student_id`, `room_id`, `enter_date`, `leave_date`, `payment`) VALUES ('200540002', '005', '2014-04-01', '2014-04-30', 'Monthly');
INSERT INTO `housing`.`lease` (`student_id`, `house_id`, `enter_date`, `leave_date`, `payment`) VALUES ('100540008', '107', '2014-01-01', '2014-07-31', 'Semester');


--kin
INSERT INTO `housing`.`kin_info` (`name`, `relationship`, `addr`, `tel`) VALUES ('Sirius Black', 'Godfather', '12, Grimmauld Place', '9439560752');
INSERT INTO `housing`.`kin_info` (`name`, `relationship`, `addr`, `city`, `post_code`, `tel`) VALUES ('Lucius Malfoy', 'Father', '31 B, Malfoy Drive, New York- 27506, USA', 'New York', '27506', '9439560752');
INSERT INTO `housing`.`kin_info` (`name`, `relationship`, `addr`, `city`, `post_code`, `tel`) VALUES ('Aurthur Weasley', 'Father', '31 B, Weasley Road, Rome - 27456, Italy', 'Rome', '27456', '9436660752');
INSERT INTO `housing`.`kin_info` (`name`, `relationship`, `addr`, `city`, `post_code`, `tel`) VALUES ('Mr. Granger', 'Father', '32 A, Granger Road, Edinburg- 25556, Scotland', 'Edinburg', '25556', '9433360752');
INSERT INTO `housing`.`kin_info` (`name`, `relationship`, `addr`, `city`, `post_code`, `tel`) VALUES ('Igor Karkaroff', 'Headmaster', '32 A, Krum Road, Sofia- 2221, Bulgaria', 'Bulgaria', '2221', '94363530752');
INSERT INTO `housing`.`kin_info` (`name`, `relationship`, `addr`, `city`, `post_code`, `tel`) VALUES ('Bathilda Bagshot', 'Friend', '32 A, Bagshot Road, Zurich- 35221, Switzerland', 'Zurich', '35221', '94363595752');
INSERT INTO `housing`.`kin_info` (`name`, `relationship`, `addr`, `city`, `post_code`, `tel`) VALUES ('Petunia Dursley', 'Wife', '32 A, Dursley Road, Raleigh- 27606, USA', 'Raleigh', '27606', '94363654752');


--tiket
INSERT INTO `housing`.`ticket` (`student_id`, `date`, `issue`, `status`, `comment`) VALUES ('100540001', '2015-04-06', 'Water', 'Pending', 'No water');
INSERT INTO `housing`.`ticket` (`student_id`, `date`, `issue`, `status`, `comment`) VALUES ('100540003', '2015-03-30', 'Internet', 'Complete', 'Internet not working');
INSERT INTO `housing`.`ticket` (`student_id`, `date`, `issue`, `status`, `comment`) VALUES ('100540007', '2015-03-15', 'Cleaning', 'Complete', 'Cleaning');
INSERT INTO `housing`.`ticket` (`student_id`, `date`, `issue`, `status`, `comment`) VALUES ('200540002', '2015-04-02', 'Miscellaneous', 'Pending', 'Window broken');


--supervisor

INSERT INTO `housing`.`staff` (`id`,`password`,`fname`, `lname`, `addr`, `city`, `post_code`, `birth_date`, `gender`, `position`, `work_at`) VALUES ('300540001','123456','Minerva', 'McGonagall', 'McGonagall Road, Delhi - 011, India', 'Delhi', '011', '1950-10-04', 'Female', 'Hall Manager', 'Gryffindor Hall');
INSERT INTO `housing`.`staff` (`id`,`password`,`fname`, `lname`, `addr`, `city`, `post_code`, `birth_date`, `gender`, `position`, `work_at`) VALUES ('300540002','123456','Severus', 'Snape', 'Snape Road, Lahore - 007, Pakistan', 'Lahore', '007', '1953-09-07', 'Male', 'Hall Manager', 'Slytherin Hall');
INSERT INTO `housing`.`staff` (`id`,`password`,`fname`, `lname`, `addr`, `city`, `post_code`, `birth_date`, `gender`, `position`, `work_at`) VALUES ('300540003','123456','Filius', 'Flitwick', 'Flitwick Road, Sydney - 050, Australia', 'Sydney', '050', '1960-10-06', 'Male', 'Hall Manager', 'Ravenclaw');
INSERT INTO `housing`.`staff` (`id`,`password`,`fname`, `lname`, `addr`, `city`, `post_code`, `birth_date`, `gender`, `position`, `work_at`) VALUES ('300540004','123456','Pomona', 'Sprout', 'Sprout Road, Berlin - 05963, Germany', 'Berlin', '05963', '1965-10-16', 'Female', 'Hall Manager', 'Hufflepuff');
INSERT INTO `housing`.`staff` (`id`,`password`,`fname`, `lname`, `addr`, `city`, `post_code`, `birth_date`, `gender`, `position`, `work_at`) VALUES ('300540005','123456','Albus', 'Dumbledore', 'Dumbledore Road, Gandhinagar - 382007, India', 'Gandhinagar', '382007', '1945-04-23', 'Male', 'Hall Manager', 'Hogwarts');


--guest

INSERT INTO `housing`.`guest` (`id`, `fname`, `lname`, `type`, `gender`, `tel`, `alter_tel`, `addr`, `city`, `post_code`, `birth_date`, `category`, `nation`, `smoker`, `status`, `courses`) VALUES ('200540001', 'Viktor', 'Krum', 'Student', 'Male', '9198333567', '9198332233', '32 A, Krum Road, Sofia', 'Sofia', '2221', '1982-11-29', 'Visitor', 'Bulgarian', 'Yes', 'Placed', 'Coaching - Triwizard Cup');
INSERT INTO `housing`.`guest` (`id`, `fname`, `lname`, `type`, `gender`, `tel`, `addr`, `city`, `post_code`, `birth_date`, `category`, `nation`, `smoker`, `courses`) VALUES ('200540002', 'Olympe', 'Maxime', 'Student', 'Female', '9197773567', '32 A, Maxime Road, Paris', 'Paris', '2331', '1970-05-19', 'Visitor', 'French', 'Yes', 'Guest Lecturer - Triwizard Cup');
UPDATE `housing`.`guest` SET `password`='123456' WHERE `id`='200540002';
UPDATE `housing`.`guest` SET `password`='123456' WHERE `id`='200540001';
--student
INSERT INTO `housing`.`student` (`id`,`password`, `fname`, `lname`, `type`, `gender`, `tel`, `alter_tel`, `addr`, `city`, `post_code`, `birth_date`, `category`, `nation`, `smoker`, `status`, `courses`) VALUES ('100540008','123456', 'Vernon', 'Dursley', 'Family', 'Male', '9198954357', '9198954786', '32 A, Dursley Road, Raleigh', 'Raleigh', '27606', '1975-11-29', 'Graduate', 'American', 'Yes', 'Placed', 'Muggle Studies');
INSERT INTO `housing`.`student` (`id`,`password`, `fname`, `lname`, `type`, `gender`, `tel`, `addr`, `city`, `post_code`, `birth_date`, `category`, `nation`, `smoker`, `need`, `status`, `courses`) VALUES ('100540003','123456', 'Ron', 'Weasley', 'Student', 'Male', '9189567067', '31 B, Weasley Road, Rome', 'Rome', '27456', '1986-03-01', 'Freshman', 'Italian', 'No', 'None', 'Placed', 'Care of Magical Creatures');
INSERT INTO `housing`.`student` (`id`,`password`, `fname`, `lname`, `type`, `gender`, `tel`, `addr`, `city`, `post_code`, `birth_date`, `category`, `nation`, `smoker`, `need`, `status`, `courses`) VALUES ('100540004','123456', 'Hermione', 'Granger', 'Student', 'Female', '9189568567', '32 A, Granger Road, Edinburg', 'Edinburg', '25556', '1986-09-19', 'Freshman', 'Scottish', 'No', 'None', 'Placed', 'Muggle Studies');
INSERT INTO `housing`.`student` (`id`,`password`, `fname`, `lname`, `type`, `gender`, `tel`, `alter_tel`, `addr`, `city`, `post_code`, `birth_date`, `category`, `nation`, `smoker`, `need`, `status`, `courses`) VALUES ('100540005','123456', 'Fred', 'Weasley', 'Student', 'Male', '9133368567', '9133368511', '31 B, Weasley Road, Rome', 'Rome', '27456', '1982-10-20', 'Senior', 'Italian', 'No', 'None', 'Placed', 'Muggle Studies');
INSERT INTO `housing`.`student` (`id`,`password`, `fname`, `lname`, `type`, `gender`, `tel`, `addr`, `city`, `post_code`, `birth_date`, `category`, `nation`, `smoker`, `need`, `status`, `courses`) VALUES ('100540006','123456', 'George', 'Weasley', 'Student', 'Male', '9133368568', '31 B, Weasley Road,Rome', 'Rome', '27456', '1982-10-20', 'Senior', 'Italian', 'No', 'None', 'Placed', 'Muggle Studies');
UPDATE `housing`.`student` SET `addr`='31 B, Malfoy Drive, New York' WHERE `id`='100540002';
INSERT INTO `housing`.`student` (`id`,`password`, `fname`, `lname`, `type`, `gender`, `tel`, `addr`, `city`, `post_code`, `birth_date`, `category`, `nation`, `smoker`, `need`, `status`, `courses`) VALUES ('100540007','123456', 'Bill', 'Weasley', 'Family', 'Male', '9198568567', '32 A, William Road, Brussels', 'Brussels', '2535', '1982-11-29', 'Graduate', 'Belgian', 'No', 'Difficulty in walking', 'Placed', 'Potions');
INSERT INTO `housing`.`student` (`id`,`password`, `fname`, `lname`, `type`, `gender`, `tel`, `alter_tel`, `addr`, `city`, `post_code`, `birth_date`, `category`, `nation`, `smoker`, `need`, `status`, `courses`) VALUES ('100540001','123456', 'Harry', 'Potter', 'Student', 'Male', '9189327078', '9176326078', '31 B, Privet Drive, London - 27605, England', 'London', '27605', '1991-07-21', 'Freshman', ' British', 'No', 'None', 'Placed', 'Defence Against Dark Arts');
INSERT INTO `housing`.`student` (`id`,`password`, `fname`, `lname`, `type`, `gender`, `tel`, `addr`, `city`, `post_code`, `birth_date`, `category`, `nation`, `smoker`, `need`, `status`, `courses`) VALUES ('100540002','123456', 'Draco', 'Malfoy', 'Student', 'Male', '9189327067', '31 B, Malfoy Drive, New York- 27506, USA', 'New York', '27506', '1990-06-05', 'Freshman', 'American', 'Yes', 'None', 'Placed', 'Muggle Studies');


--general_apartment
INSERT INTO `housing`.`general_apartment` (`id`, `name`, `addr`, `tel`, `room_count`, `bath_count`, `rent`, `deposit`) VALUES ('3', 'Ravenclaw', '315, Gorman Crossings, Raleigh - 27606, NC', '919 540 003', '3', '3', '350', '400');
INSERT INTO `housing`.`general_apartment` (`id`, `name`, `addr`, `tel`, `room_count`, `bath_count`, `rent`, `deposit`) VALUES ('4', 'Ravenclaw', '315, Gorman Crossings, Raleigh - 27606, NC', '919 540 003', '4', '4', '350', '400');
INSERT INTO `housing`.`general_apartment` (`id`, `name`, `addr`, `tel`, `room_count`, `bath_count`, `rent`, `deposit`) VALUES ('5', 'Hufflepuff', '515, University Commons, Raleigh - 27606, NC', '919 540 004', '3', '3', '375', '450');
INSERT INTO `housing`.`general_apartment` (`id`, `name`, `addr`, `tel`, `room_count`, `bath_count`, `rent`, `deposit`) VALUES ('6', 'Hufflepuff', '515, University Commons, Raleigh - 27606, NC', '919 540 004', '4', '4', '375', '450');


--family_apartment
INSERT INTO `housing`.`family_apartment` (`id`, `name`, `addr`, `tel`, `apt_num`, `bed_count`, `month_rate`, `deposit`) VALUES ('7', 'Hogwarts', '300, Wade Avenue, Raleigh - 27606, NC', '919 540 005', '105', '1', '450', '500');
INSERT INTO `housing`.`family_apartment` (`id`, `name`, `addr`, `tel`, `apt_num`, `bed_count`, `month_rate`, `deposit`) VALUES ('8', 'Hogwarts', '300, Wade Avenue, Raleigh - 27606, NC', '919 540 005', '106', '2', '550', '600');
INSERT INTO `housing`.`family_apartment` (`id`, `name`, `addr`, `tel`, `apt_num`, `bed_count`, `month_rate`, `deposit`) VALUES ('9', 'Hogwarts', '300, Wade Avenue, Raleigh - 27606, NC', '919 540 005', '107', '3', '700', '800');


--residential_hall
INSERT INTO `housing`.`residence_hall` (`id`, `name`, `addr`, `room_count`, `tel`, `rent`, `deposit`) VALUES ('1', 'Gryffindor Hall', '2751 Cates Avenue, Gryffindor Residence Hall, Raleigh, NC 27607', '5', '919 540 001', '400', '400');
INSERT INTO `housing`.`residence_hall` (`id`, `name`, `addr`, `room_count`, `tel`, `rent`, `deposit`) VALUES ('2', 'Slytherin Hall', '210 Dan Allen Dr, Raleigh, NC 27695', '3', '919 540 002', '450', '500');


